Carol-Jean,Sidoney,Sybille,Sybille,Hyacinthe
Belinda,Paola,Di,Ronna,Therine
Ada,Joceline,Kylynn,Althea,Vanessa
Romona,Dotty,Rori,Sallie,Elie
Audrie,Yvonne,Philis,Kalina,Ottilie
Katuscha,Kirstin,Ethel,Lindie,Oona
Cassandra,Flo,Tonia,Gloria,Romona
Lynnea,Keelia,Ricky,Jacquetta,Stacey
Justinn,Binny,Isa,Marjie,Krystle
Kimmy,Mariele,Jean,Gabriellia,Farrah
Nerta,Tina,Dacia,Jerry,Rivalee
Ethel,Chandra,Gui,Gavrielle,Fidelia
Loree,Monika,Chandra,Clary,Estell
Feliza,Laurene,Margalo,Goldie,Leanna
Lusa,Demetris,Corly,Allis,Fanchon
Michaelina,Delilah,Tersina,Melina,Dawn
Blondelle,Deloria,Max,Sallie,Frank
Nerta,Lanae,Lisette,Hermione,Jenda
Josephine,Cam,Madeleine,Melanie,Augustine
Belva,Tobe,Rozele,Catrina,Dianemarie
Chloris,Charmaine,Stacey,Halette,Eolanda
Shel,Emylee,Nonnah,Alejandra,Elora
Flory,Louella,Jaclyn,Dolli,Elise
Kathi,Renie,Jenilee,Vevay,Claudina
Mureil,Barbara,Juliane,Quintina,Jaclyn
Dulcinea,Marcy,Marcelline,Cherrita,Moyna
Brietta,Kirstin,Gwenneth,Minda,Shel
Fidelia,Cassandra,Lonnie,Genovera,Carree
Robinia,Elbertina,Lizzie,Merrie,Raf
Carmencita,Sibella,Joeann,Elmira,Kathi
Tarra,Claudina,Jacquetta,Chastity,Shandie Rizal
Imojean,Max,Christian,Nollie,Concettina
Perry,Jerry,Jasmina,Kaia,Blinni
Hildegaard,Maurene,Melisent,Genovera,Kathi
Codie,Mary,Leona,Annaliese,Wanda
Xylina,Inga,Ana,Lexine,Sharai
Marnia,Sandie,Priscilla,Augustine,Margette
Nollie,Alleen,Zia,Deloria,Halette
Leanna,Vivia,Viki,Cherrita,Viki
Alia,Mathilda,Marleah,Charlena,Wileen
Hope,Trixi,Kary,Luci,Larine
Andree,Rhoda,Jackie,Claudina,Gavrielle
Max,Trudie,Orsola,Madalyn,Modestia
Stevana,Nerta,Emilia,Melina,Fred
Brynna,Florie,Jorry,Sheree,Georgetta
Emilia,Lucille,Valera,Veda,Heddie
Alia,Carmela,Genevra,Hayley,Audrie
Amara,Mara,Ida,Randa,Courtnay
Elena,Babita,Kamilah,Arlina,Caryl
Goldie,Merrie,Kerrin,Anthia,Gerrie
Kassey,Eve,Emmey,Britte,Roz
Berta,Robbi,Talya,Mallory,Nonnah
Doralynne,Phylis,Dawn,Beth,Cyb
Heida,Claudina,Edyth,Mignon,Edee
Teriann,Vevay,Emelina,Briney,Sheree
Elmira,Augustine,Nerta,Olivette,Berget
Sonni,Teddie,Gavrielle,Mady,Kristina
Kerrin,Jaime,Ottilie,Celene,Cherilyn
Melisent,Agnese,Eve,Flo,Gui
Darlleen,Nyssa,Ingrid,Peri,Jsandye
Cam,Abbie,Silvana,Yvonne,Mireielle
Ethel,Ardeen,Nickie,Norine,Ebonee
Jenda,Katleen,Emilia,Susette,Mureil
Cindelyn,Valera,Fanchon,Dotty,Elvira
Lorenza,Aimil,Catharine,Marika,Marinna
Aaren,Cathie,Gilligan,Emilia,Elbertina
Arlina,Gloria,Nannie,Gianina,Tersina
Codie,Chastity,Ivett,Felice,Audrie
Sean,Philis,Dagmar,Bibby,Violet
Dania,Sindee,Frank,Gilligan,Deirdre
Emelina,Jaime,Atlanta,Marika,Imojean
Leona,Frances,Alameda,Darci,Roslyn
Nerta,Ardys,Emmey,Moyna,Camile
Harmonia,Tabbatha,Betta,Celestyna,Letizia
Clo,Roslyn,Gale,Modestia,Livvyy
Latisha,Lolita,Elmira,Evaleen,Charissa
Violet,Jolyn,Alisha,Britte,Drucie
Angelique,Cordi,Evita,Antonietta,Selma
Riannon,Lorenza,Priscilla,Henriette,Meriel
Amelia,Marita,Orsola,Codie,Dianemarie
Deane,Meghann,Rori,Starla,Ashlee
Keelia,Hettie,Peri,Sibella,Florencia
Kittie,Sadie,Orsola,Lily,Christy
Blake,Lacie,Aubrie,Therine,Dione
Yolane,Gertrud,Alameda,Max,Vonny
Beverley,Bertine,Sallie,Susan,Roz
June,Nikki,Kimmy,Cindelyn,Nickie
Arlina,Leia,Sadie,Adore,Hope
Sharlene,Brianna,Hollie,Ilse,Brooks
Nonnah,Lucy,Britni,Janenna,Petronia
Melina,Hannis,Annabela,Dania,Edyth
Marinna,Leanna,Ketti,Joleen,Donnie
Talya,Roslyn,Gertrud,Arabel,Alyda
Talya,Viviene,Ermengarde,Ethel,Paule
Alie,Lulita,Aubrie,Jordan,Hildegaard
Sam,Jacquetta,Maurene,Jaclyn,Emilia
Fina,Thalia,Randa,Maye,Cristine
Rosaline,Genovera,Clo,Melodie,Lorenza
Trixi,Jacenta,Cyb,Carol-Jean,Benita
Dorice,Romona,Esmeralda,Gianina,Fredericka
Alyssa,Chrystel,Dulcinea,Ginnie,Kelly
Maurene,Gretal,Vanessa,Catrina,Hollie
Dominga,Aurelie,Sindee,Gilda,Pearline
Di,Annora,Evaleen,Benita,Chastity
Belva,Janenna,Betta,Janey,Atlanta
Aili,Cathie,Genovera,Dominga,Modestia
Addia,Sadie,Deedee,Jillayne,Melanie
Rani,Mildrid,Loree,Mureil,Ricky
Codie,Helsa,Danny,Kellen,Tori
Sharai,Isa,Aaren,Jan,Mignon
Gusella,Tami,Gretal,Louella,Elsie
Ilse,Belva,Fawne,Ariela,Sharai
Jany,Gilligan,Correy,Leona,Etta
Perry,Ardeen,Lonnie,Moyna,Annabela
Candy,Lynnea,Trudie,Barbi,Roxane
Helena,Kate,Doro,Renie,Myrtice
Chandra,Celisse,Magdalena,Bill,Fawne
Tobe,Clary,Lorne,Antonietta,Babita
Stevana,Pierette,Marinna,Charmaine,Concettina
Josephine,Sarette,Meghann,Helena,Emylee
Layla,Kenna,Blondelle,Valli,Doralynne
Annaliese,Janis,Celene,Tobe,Ann-Marie
Sara-Ann,Jillayne,Ada,Paule,Dagmar
Willetta,Jaclyn,Sam,Roberta,Eadie
Jaime,Clarice,Kore,Jordan,Ricky
Libbie,Coral,Arlina,Claresta,Violet
Pierette,Lexine,Roseline,Joleen,Modestia
Nollie,Lucy,Josephine,Madalyn,Cecile
Kathy,Lucy,Deirdre,Jany,Michaelina
Maye,Kirbee,Rosene,Magdalena,Aimil
Tabbatha,Jackie,Aaren,Paola,Petronia
Danika,Alie,Ericka,Therine,Elena
Linzy,Norine,Wanda,Raf,Peri
Vita,Joceline,Ebonee,Eadie,Rani
Ursulina,Kylynn,Lolita,Annora,Ileana
Kalina,Alexine,Sara-Ann,Georgina,Binny
Sissy,Demetris,Rochette,Nicoli,Lorenza
Nanete,Alie,Dawn,Minne,Berget
Eolanda,Belinda,Netty,Kathy,Beth
Gaylene,Dominga,Mildrid,Lyssa,Marjie
Beverley,Vere,Shandie,Patricia,Lanna
Rubie,Anthia,Elyssa,Frank,Jaime
Alex,Kelly,Peri,Cathyleen,Jacenta
Letizia,Edee,Meg,Riannon,Elvira
Almeta,Ernesta,Hallie,Harrietta,Clarice
Atlanta,Shel,Willetta,Jackie,Cordi
Penelopa,Peri,Candy,Glynnis,Nyssa
Norine,Isa,Micheline,Belva,Clarice
Jessamyn,Gertrud,Berget,Rayna,Alyssa
Nicoli,Lorne,Lanae,Audrie,Ingrid
Edyth,Kial,Ingrid,Kayla,Millie
Konstance,Beth,Morganica,Vanessa,Vere
Nelle,Ricky,Chere,Sophia,Danika
Lulita,Anthia,Brynna,Livvyy,Christy
Jinny,Adele,Sean,Paola,Frieda
Aimil,Giustina,Carilyn,Calla,Daphne
Dulcinea,Delilah,Dione,Vinita,Silvana
Ottilie,Annora,Kellen,Brooks,Cathie
Jasmina,Aurelie,Reeba,Cherrita,Lulita
Chere,Collen,Oona,Fanchon,Eugine
Jsandye,Beth,Allyce,Vinita,Sadie
Eve,Philis,Tani,Alexine,Nelle
Emelina,Malina,Beatriz,Wendi,Kittie
Sashenka,Chandra,Cristabel,Gusty,Amara
Jere,Vanessa,Frank,Robbi,Lily
Ermengarde,Gilligan,Gloria,Peri,Arlina
Micheline,Thalia,Dulcinea,Penelopa,Olwen
Perry,Evita,Livvyy,Tani,Merci
Wendi,Madeleine,Jeanna,Kial,Ardeen
Harmonia,Selma,Daune,Regina,Carree
Dale,Mary,Melina,Clarice,Darlleen
Willetta,Cassandra,Aurore,Raina,Siana
Giustina,Maisey,Susan,Florie,Edee
Steffane,Lulita,Arlena,Tabbatha,Yvonne
Cathyleen,Gwyneth,Arabel,Josephine,Tori
Janis,Eolanda,Tobe,Flo,Blake
Vanessa,Phedra,Dagmar,Joleen,Jolyn
Ayn,Flo,Adele,Ekaterina,Brietta
Kirstin,Ricky,Ebonee,Clarice,Lorenza
Lulita,Zaria,Blake,Alie,Maye
Giustina,Leia,Lexine,Carlie,Dominga
Jemie,Candy,Sharlene,Brandise,Cecile
Jany,Devina,Margarette,Dari,Gale
Sidoney,Roberta,Shaylyn,Chloris,Elbertina
Tami,Abbie,Corry,Wynne,Ariela
Concettina,Aili,Clarice,Gertrud,Ayn
Vivia,Jennica,Rori,Blondelle,Celene
Betta,Constance,Violet,Estell,Tiffie
Gui,Rosanne,Maisey,Glenda,Ashlee
Stephanie,Giustina,Shaylyn,Merry,Myrtice
Yetty,Maisey,Janeczka,Heddie,Candy
Anthia,Nikki,Damaris,Selia,Sonni
Robbi,Joelly,Elka,Kate,Sybille
Basia,Ida,Beth,Anallese,Danny
Luci,Dorene,Elmira,Briney,Shaylyn
Farrah,Deirdre,Emelina,Emylee,Coral
Maurene,Arlena,Jessy,Odessa,Tatiania
Lolita,Melisent,Sonni,Vere,Minne
Dorene,Sue,Tamqrah,Orsola,Raina
Ulrike,Minda,Corry,Mara,Misha
Kaia,Jan,Ivett,Lorie,Julieta
Audrie,Marcy,Rubie,Marika,Aigneis
Katuscha,Vonny,Melanie,Britte,Isa
Merci,Anica,Rosene,Annaliese,Caressa
Brooks,Dacia,Vonny,Ayn,Babita
Bernardine,Sybille,Andeee,Belva,Demetris
Edyth,Clary,Beth,Nerta,Emilia
Nicoli,Maurene,Aubrie,Maridel,Linet
Teriann,Georgetta,Shaine,Ottilie,Viviene
Gretal,Pollyanna,Therine,Moyna,Sean
Gabi,Aimil,Arabel,Emylee,Gilda
Lanae,Ana,Etta,Betta,Randa
Emilia,Cacilie,Desirae,Cam,Marsiella
Dolli,Tressa,Deloria,Gale,Althea
Paulita,Esmeralda,Ileana,Lynde,Wynne
Rosanne,Elie,Liana,Jany,Hayley
Phedra,Merrie,Livvyy,Kathi,Fredericka
Eugine,Siana,Kara-Lynn,Deane,Ginnie
Susan,Petronia,Estell,Jinny,Jorry
Hallie,Kara-Lynn,Gabriellia,Aubrie,Orelia
Merle,Leia,Madeleine,Andeee,Jere
Shel,Tilly,Alexine,Wendi,Aimil
Dominga,Shell,Jasmina,Tatiania,Carol-Jean
Britni,Odessa,Trixi,Meghann,Georgina
Kara-Lynn,Hallie,Margette,Marinna,Rosaline
Cristabel,Roslyn,Genevra,Aigneis,Angelique
Sarette,Roxane,Ginnie,Tersina,Brietta
Cristine,Eadie,Alleen,Camile,Steffane
Karolina,Starla,Daryl,Hannis,Cam
Pamella,Nikki,Tami,Sherrie,Ericka
Kamilah,Farrah,Rani,Kittie,Kittie
Ana,Brena,Annaliese,Angela,Barbi
Bee,Kathi,Flory,Adore,Harmonia
Gilda,Frieda,Robbi,Morganica,Thalia
Merry,Giustina,Ofilia,Dede,Pollyanna
Shauna,Ernesta,Myrtice,Brana,Debee
Carolina,Penelopa,Aubrie,Benita,Gwenneth
Patricia,Dorene,Janenna,Cissiee,Meghann
Adelle,Janenna,Malina,Tori,Ayn
Sashenka,Lindie,Natka,Cherilyn,Stacey
Jinny,Carree,Sara-Ann,Gwenneth,Meghann
Keelia,Bettine,Ethel,Grier,Angelique
Kirbee,Eolanda,Augustine,Carly,Sidoney
Susan,Dulce,Clo,Ira,Selia
Fredericka,Stevana,Sidoney,Zia,Ebonee
Kathi,Mariann,Marguerite,Mallory,Monika
Stephanie,Raina,Linet,Cherilyn,Perry
Tani,Kristina,Joleen,Daune,Dale
Chickie,Shannah,Monika,Stephanie,Aubrie
Melanie,Corene,Kamilah,Violet,Roslyn
Lanae,Konstance,Marguerite,Marsiella,Stacey
Ulrike,Lory,Cristabel,Ursulina,Dacia
Flory,Nerta,Di,Therine,Meriel
Danny,Alyssa,Farrah,Quintina,Vinita
Kenna,Karena,Beatriz,Marsiella,Cherilyn
Jsandye,Marylou,Dyann,Christal,Tierney
Vere,Lizzie,Tina,Agnese,Nita
Clementine,Ulrike,Briney,Joeann,Vivia
Gaylene,Fidelia,Brianna,Cyb,Millie
Orelia,Glynnis,Farrah,Latisha,Sandie
Catharine,Ardys,Gavrielle,Hannis,Kirstin
Ileana,Maye,Marinna,Hyacinthe,Renae
Tani,Daryl,Ketti,Jacenta,Pamella
Averyl,Tina,Robinia,Blake,Cassondra
Vanessa,Hettie,Arlina,Darlleen,Reeba
Johna,Sabina,Bertine,Kimberley,Doralynne
Harrietta,Perry,Emmey,Ellette,Helena
Ketti,Blinni,Rosabelle,Kristina,Yetty
Jobi,Angela,Isa,Shell,Kenna
Katleen,Harmonia,Fawne,Agnese,Carly
Merry,Verla,Kara-Lynn,Brana,Dotty
Bibby,Sashenka,Ursulina,Stacey,Silvana
Blondelle,Trixi,Addia,Dyann,Lory
Ardenia,Robinia,Daryl,Jackie,Sallie
Ardys,Florencia,Katleen,Jacenta,June
Clo,Shel,Ermengarde,Nikki,Arlina
Mildrid,Lexine,Daryl,Ericka,Dulcinea
Molli,Olwen,Alyda,Charissa,Lynea
Jaclyn,Jere,Theodora,Allyce,Fina
Dyann,Lory,Tierney,Jordan,Heddie
Sidoney,Lanae,Kamilah,Tobe,Miquela
Ruthe,Hannis,Sean,Farrah,Brynna
Therine,Kimberley,Lelah,Gilligan,Betta
Flo,Raina,Rosanne,Winifred,Sabina
Cherrita,Lorenza,Di,Alleen,Lorenza
Nonnah,Leanna,Kara-Lynn,Corene,Elbertina
Layla,Karlee,Alexine,Catharine,Gusella
Coral,Wanda,Hope,Kerrin,Drucie
Edith,Lusa,Helena,Chrystel,Cherilyn
Basia,Lauryn,Carol-Jean,Sara-Ann,Viki
Annecorinne,Jorry,Katuscha,Gertrud,Margalo
Tani,Alleen,Kaia,Yetty,Deloria
Cathie,Misha,Corry,Addia,Georgina
Mary,Tracey,Margarette,Rayna,Celene
Kathi,Dorene,Linzy,Gui,Angelique
Silvana,Justinn,Katharina,Bobinette,Gertrud
Clarice,Felice,Gilda,Cyb,Yolane
Celestyna,Kathy,Caressa,Rosabelle,Latisha
Susan,Sindee,Linzy,Minne,Sonni
Phedra,Rosene,Cordi,Iseabal,Luci
Tressa,Halette,Sibella,Aimil,Darlleen
Paulita,Liana,Eolanda,Raina,Ernesta
Corry,Willetta,Deane,Micheline,Xylina
Nariko,Rochette,June,Dotty,Meg
Antonietta,Arabel,Tilly,Gretal,Tatiania
Mellicent,Therine,Jean,Arabel,Demetris
Riannon,Zaria,Shauna,Dennie,Raf
Bibby,Ilse,Amelia,Hallie,Fidelia
Steffane,Stephanie,Danny,Jemie,Lulita
Anica,Carlie,Cindelyn,Phedra,Lexine
Dorice,Mariele,Vanessa,Gaylene,Tami
Donnie,Wanda,Winny,Jerry,Lusa
Olivette,Queenie,Ofilia,Brooks,Micheline
Judy,Emmey,Oralee,Keelia,Cherilyn
Gusella,Gretal,Jemie,Anica,Cristine
Aaren,Michaelina,Arabel,Tierney,Pamella
Blinni,Cassandra,Marcelline,Verla,Carmela
Bill,Loree,Bibby,Gilda,Josephine
Angela,Aimil,Johna,Britni,Elsie
Ernesta,Shandie,Jenda,Caryl,Lacie
Korrie,Lanna,Paulita,Lesly,Jaime
Tabbatha,Albertina,Louella,Alisha,Kaja
Lorne,Moyna,Tomasina,Laure,Vanessa
Ronna,Mariele,Bertine,Florencia,Ada
Xylina,Annecorinne,Claudina,Maurene,Lilith
Willetta,Norine,Lulita,Joceline,Lanna
Ayn,Rori,Justinn,Mureil,Gwenneth
Emylee,Keelia,Gavrielle,Sashenka,Amalie
Addia,Harmonia,Aubrie,Gratia,Fawne
Addia,Kaia,Viki,Justinn,Angela
Philis,Jackie,Candi,Aimil,Devina
Mahalia,Sheree,Deirdre,Mariele,Beatriz
Tilly,Konstance,Atlanta,Mara,Melanie
Basia,Althea,Flory,Carmela,Cathie
Basia,Aimil,Linzy,Elfreda,Jerry
Bernardine,Aimil,Cathie,Lita,Edith
Magdalena,Sonni,Jany,Catrina,Janey
Bobinette,Bernardine,Selia,Nananne,Maryellen
Allyce,Jere,Clo,Nanete,Chastity
Lelah,Cassondra,Aurore,Olwen,Joleen
Nicoli,Korrie,Belinda,Cristabel,Perry
Mathilda,Gabi,Lorie,Kaja,Madelle
Tarra,Annecorinne,Rochette,Gabriellia,Tilly
Tori,Anallese,Annecorinne,Marita,Gisela
Darlleen,Leanna,Elise,Jemie,Nessie
Mariann,Dorice,Henriette,Noelle,Veda
Lauryn,Lacie,Shel,Aurore,Althea
Genovera,Leia,Claresta,Ann-Marie,Marylou
Mildrid,Paule,Mahalia,Lucille,Elsie
Steffane,Dode,Karina,Rubie,Jemie
Lory,Maryellen,Layla,Jordan,Dale
Brana,Andree,Alyda,Alyda,Kerrin
Dorene,Elmira,Inga,Kial,Mahalia
Dolli,Ellette,Gratia,Agnese,Hildegaard
Misha,Robbi,Ira,Phylis,Leanna
Hyacinthe,Bobbi,Sherrie,Dennie,Barbara
Gusella,Marguerite,Judy,Ninnetta,Ginnie
Adriana,Michaelina,Johna,Lynde,Valera
Lorne,Starla,Merrie,Yvonne,Lucy
Catrina,Ashlee,Tierney,Sonni,Christy
Bettine,Nita,Zia,Beatriz,Hollie
Tori,Grier,Ilse,Angelique,Rebeca
Larine,Raina,Asia,Aubrie,Kirstin
Orelia,Tilly,Noelle,Ketti,Tiffie
Dominga,Charlena,Laurene,Dulcinea,Debee
Tami,Elyssa,Karlee,Cyb,Tabbatha
Ethel,Corry,Brooks,Brana,Sam
Melodie,Melisent,Ruthe,Bernardine,Patricia
Melisent,Clary,Lucy,Mara,Kerrin
Rochette,Felice,Celestyna,Vivia,Marita
Harrietta,Tori,Talya,Daphne,Sallie
Louella,Candi,Hyacinthe,Ellette,Loree
Marsiella,Heddie,Fredericka,Pierette,Alyssa
Shel,Farrah,Stacey,Barbi,Ketti
Tilly,Rochette,Natka,Nikki,Tobe
Kirbee,Marylou,Etta,Charmaine,Katuscha
Janenna,Felice,Cindelyn,Lusa,Shandie
Kristan,Betta,Vinita,Roslyn,Georgina
Rosanne,Beth,Leanna,Valeda,Gaylene
Tani,Adore,Eadie,Deirdre,Reeba
Marcelline,Robinia,Rebeca,Micheline,Elise
Helsa,Courtnay,Annaliese,Korrie,Beverley
Lusa,Danika,Jere,Alisha,Lilith
Melodie,Alyda,Cathyleen,Roz,Vivia
Maud,Olivette,Vinita,Alyda,Misha
Viki,Emmey,Almeta,Zia,Britni
Tina,Gwyneth,Rani,Emilia,Maye
Kellen,Nita,Tarra,Tersina,Cissiee
Cristabel,Lenna,Emilia,Kalina,Jenda
Dorene,Leia,Sabina,Meghann,Sheelagh
Tobe,Silvana,Sharlene,Emilia,Fidelia
Elyssa,Wileen,Joleen,Wynne,Audrie
Ekaterina,Viviene,Veda,Dale,Shel
Fredericka,Dulcinea,Codie,Tami,Celisse
Dulcinea,Maye,Steffane,Blondelle,Jacquetta
Jacenta,Winny,Joeann,Maisey,Nicoli
Nannie,Selma,Raf,Jolyn,Myrtice
Jessamyn,Cathie,Korrie,Reeba,Rani
Raquela,Danika,Kara-Lynn,Ermengarde,Dari
Alie,Linzy,Carmencita,Pierette,Jessy
Ardys,Aaren,Sindee,Alisha,Catharine
Concettina,Violet,Joeann,Sibella,Gui
Barbi,Shannah,Vere,Gusella,Dione
Gratia,Phylis,Tani,Juliane,Lory
Cathyleen,Aaren,Jere,Chrystel,Jolyn
Bertine,Addia,Mureil,Sue,Sybille
Paulita,Joeann,Amii,Carilyn,Talya
Lynnea,Paola,Rhea,Codie,Odessa
Ermengarde,Mariele,Renae,Kathi,Kristina
Benita,Caryl,Leeanne,Ursulina,Liana
Arlena,Beth,Madeleine,Siana,Gavrielle
Tera,Nadine,Tressa,Sissy,Vivia
Rhea,Gale,Talya,Abbie,Zondra
Emma,Kittie,Shannah,Atlanta,Marika
Annice,Queenie,Sidoney,Averyl,Aimil
Evita,Annice,Constance,Bibby,Carlie
Mamie,Tressa,Raf,Gavrielle,Fidelia
Mara,Ulrike,Maisey,Latisha,Rosene
Henriette,Amelia,Loree,Gisela,Eve
Jacquetta,Shannah,Yolane,Clarice,Silvana
Selia,Cacilie,Phedra,Blondelle,Wileen
Kara-Lynn,Lonnie,Randa,Olivette,Amii
Tatiania,Kylynn,Tabbatha,Chrystel,Phedra
Mady,Brietta,Alyda,Benita,Steffane
Konstance,Selia,Mathilda,Calla,Jinny
Kassey,Nita,Kara-Lynn,Edith,Fina
Wendi,Dennie,Concettina,Johna,Bee
Joleen,Amii,Malina,Margette,Ardys
Kerrin,Damaris,Averyl,Winifred,Linet
Gloria,Adriana,Imojean,Misha,Gabriellia
Asia,Valera,Alejandra,Leia,Gianina
Libbie,Rori,Cyndie,Kamilah,Stephanie
Merle,Imojean,Rosaline,Claresta,Dennie
Madelle,Robbi,Pierette,Alejandra,Morganica
Paulita,Annora,Gilda,Aeriela,Donetta
Tobe,Delilah,Mureil,Talya,Marcelline
Tybie,Hildegaard,Courtnay,Clary,Janeczka
Katharina,Jan,Debee,Jaime,Carly
Corina,Inga,Berget,Mary,Layla
Olwen,Nessie,Viki,Cassondra,Lauryn
Gerianna,Monika,Tani,Margette,Kristan
Millie,Daryl,Elise,Consuela,Jorry
Lauryn,Maye,Brena,Amelia,Lynea
Lacie,Kittie,Kirstin,Sheree,Anica
Teriann,Rosabelle,Lily,Ottilie,Alyssa
Kial,Corene,Belva,Ardenia,Fernande
Hallie,Ashlee,Celestyna,Florie,Robinia
Robbi,Tatiania,Brietta,Elena,Hannis
Heddie,Amalie,Jaime,Phedra,Vere
Libbie,Peri,Marcelline,Lucille,Bee
Violet,Annabela,Ketti,Ursulina,Augustine
Collen,Jean,Lynnea,Flory,Lyssa
Gerrie,Ronna,Alisha,Edyth,Florencia
Nickie,Ricky,Philis,Alisha,Kore
Therine,Ariela,Ilse,Starla,Raquela
Doro,Caritta,Heida,Linzy,Almeta
Liana,Constance,Georgina,Corly,Mahalia
Roz,Johna,Etta,Roberta,Mildrid
Miquela,Marleah,Nadine,Tami,Genovera
Oona,Caryl,Ernesta,Allis,Gilda
Talya,Amalie,Chere,Emylee,Teriann
Lynea,Hildegaard,Nannie,Hallie,Di
Maurene,Flory,Gavrielle,Celisse,Karly
Lolita,Nicoli,Therine,Tomasina,Mellicent
Elena,Amelia,Tami,Hettie,Adele
Melisent,Pamella,Genevra,Maisey,Basia
Theodora,Lynde,Kathi,Clarice,Nananne
Chere,Noelle,Olivette,Linet,Penelopa
Stephanie,Mara,Jenda,Deedee,Joelly
Beverley,Angela,Mahalia,Christy,Cecile
Desirae,Kylynn,Valli,Konstance,Molli
Ermengarde,Wilma,Donnie,Wileen,Lyssa
Pamella,Olwen,Georgetta,Dacia,Janey
Maridel,Edee,Florencia,Chickie,Gisela
Lanna,Sharlene,Shauna,Max,Shel
Zaria,Cassondra,Candi,Cyb,Lorne
Kimmy,Regina,Catrina,Tilly,Nyssa
Mamie,Catharine,Marti,Agnese,Lusa
Aigneis,Marnia,Rochette,Asia,Hayley
Jacenta,Candi,Aili,Verla,Lenna
Meg,Teddie,Deirdre,Tierney,Dulce
Drucie,Eadie,Libbie,Chandra,Celene
Lesly,Neila,Vita,Janenna,Zia
Dione,Belinda,Aubrie,Sadie,Liana
Edith,Margalo,Marnia,Genevra,Valli
Mary,Concettina,Halette,Nariko,Kate
Shauna,Siana,Carly,Helena,Beatriz
Lonnie,Ezmeralda,Feliza,Dede,Frank
Lucy,Deedee,Aaren,Susette,Ermengarde
Alie,Lorne,Alie,Dode,Dania
Benita,Clarice,Pamella,Basia,Aubrie
Priscilla,Marti,Fanny,Tabbatha,Carolina
Anestassia,Alleen,Mellicent,Ricky,Roz
Correy,Hannis,Jean,Carree,Violet
Helsa,Nickie,Marnia,Eadie,Zia
Wendi,Calla,Wendi,Dolli,Darci
Pamella,Belinda,Kellen,Orsola,Zondra
Therine,Lynnea,Linzy,Atlanta,Agnese
Marylou,Albertina,Ingrid,Yvonne,Kathy
Tomasina,Tressa,Bernardine,Fina,Dede
Teddie,Coral,Nikki,Genevra,Nerta
Ileana,Bettine,Esmeralda,Doralynne,Kellen
Marguerite,Tatiania,Pollyanna,Florencia,Dulce
Charmaine,Ginnie,Ottilie,Carly,Amelia
Aubrie,Libbie,Jacenta,Donnie,Pierette
Sallie,Ileana,Catharine,Bernardine,Ana
Corly,Alejandra,Shaylyn,Marguerite,Doro
Mireielle,Starla,Pierette,Jobi,Ira
Elfreda,Keelia,Mamie,Doro,Latisha
Leona,Larine,Angelique,Ericka,Lisette
Beverley,Stevana,Kaja,Evaleen,Tobe
Beth,Dennie,Dulcinea,Lyssa,Stephanie
Cyb,Dianemarie,Raina,Dione,Patricia
Basia,Elmira,Kaia,Amara,Esmeralda
Anica,Donetta,Yetty,Lorne,Silvana
Pamella,Sybille,Cacilie,Elka,Tamqrah
Dode,Doro,Quintina,Charlena,Nessie
Jan,Britte,Lila,Jaclyn,Renae
Nikki,Shannah,Aubrie,Sharai,Corina
Hope,Damaris,Lizzie,Carly,Britni
Wileen,Ariela,Caressa,Johna,Selma
Luci,Cindelyn,Paulita,Maisey,Veda
Jemie,Quintina,Melanie,Esmeralda,Amara
Kristan,Randa,Etta,Phylis,Margette
Ellette,Ebonee,Sabina,Ruthe,Gerianna
Marinna,Libbie,Cristine,Lynea,Jany
Deane,Steffane,Nessie,Nerta,Maridel
Alexine,Tersina,Danny,Celene,Lorne
Catharine,Carly,Amelia,Cherrita,Jeanna
Ardeen,Imojean,Ricky,Annaliese,Lila
Trixi,Raquela,Rosaline,Lacie,Jessy
Chloris,Chrystel,Jany,Imojean,Cam
Ileana,Mara,Ricky,Carolina,Marjie
Florencia,Molli,Nerta,Marcy,Jessy
Bee,Chrystel,Tracey,Dari,Meriel
Margarette,Devina,Desirae,Sam,Carolina
Anestassia,Marti,Ilse,Ezmeralda,Jenilee
Olwen,Agathe,Allyce,Tami,Halette
Sindee,Deedee,Lucille,Tracey,Blondelle
Jaclyn,Cindelyn,Allis,Trudie,Taffy
Iseabal,Vonny,Alameda,Constance,Sara-Ann
Abbie,Roberta,Arabel,Sara-Ann,Anallese
Joy,Maridel,Karly,Lisette,Gaylene
Kristan,Petronia,Corina,Brana,Harmonia
Amalie,Catrina,Steffane,Genevra,Nonnah
Jessamyn,Gianina,Raina,Jolyn,Maud
Rhoda,Arabel,Antonietta,Ellette,Jobi
Viviene,Charmaine,Claresta,Joelly,Evita
Lory,Viki,Regina,Lizzie,Alex
Dulce,Jessamyn,Lesly,Marika,Donnie
Paulita,Ashlee,Consuela,Gloria,Ernesta
Kassey,Aeriela,Averyl,Kittie,Gavrielle
Magdalena,Ottilie,Taffy,Ardys,Kristina
Phedra,Viviene,Nanete,Marylou,Joceline
Korrie,Amalie,Rozele,Kenna,Roberta
Meg,Hope,Rayna,Allis,Tamqrah
Cyb,Genovera,Charissa,Patricia,Daphne
Lizzie,Ileana,Mara,Molli,Alleen
Ingrid,Corene,Kirbee,Sean,Jacquetta
Laurene,Christal,Wileen,Taffy,Wendi
Kore,Zia,Maye,Elora,Almeta
Jenilee,Tabbatha,Leia,Fanny,Daphne
Edee,Raf,Lusa,Fina,Sibella
Miquela,Julieta,Gaylene,Vinita,Dyann
Beverley,Dode,Kimmy,Beatriz,Nickie
Fawne,Flory,Brena,Kenna,Alyda
Tomasina,Shauna,Jessy,Netty,Alyda
Emylee,Agathe,Darlleen,Henriette,Steffane
Ericka,Sashenka,Caritta,Lusa,Tracey
Madalyn,Lacie,Sharlene,Benita,Mara
Lusa,Carly,Caritta,Sonni,Vere
Consuela,Marguerite,Esmeralda,Heida,Bettine
Luci,Loree,Rayna,Alex,Maud
Roz,Nerta,Gilligan,Ronna,Ashlee
Minne,Michaelina,Brietta,Mariele,Nataline
Jessy,Sandie,Nita,Vere,Flo
Rhoda,Lindie,Gertrud,Chere,Carol-Jean
Ruthe,Tami,Nerta,Viviene,Korrie
Berta,Ira,Merci,Aubrie,Basia
Marika,Ashlee,Wynne,Sabina,Phylis
Ingrid,Jeanna,Louella,Veda,Lyssa
Rosabelle,Maryellen,Randa,Jsandye,Latisha
Kirstin,Valera,Edee,Layla,Nita
Joane,Taffy,Lelah,Alleen,Elena
Nita,Olivette,Mariann,Paulita,Margarette
Fred,Almeta,Carol-Jean,Magdalena,Tomasina
Nikki,Peri,Althea,Ricky,Rochette
Gerianna,Sidoney,Jenda,Melodie,Verla
Antonietta,Candi,Sherrie,Rosene,Stevana
Marleah,Eolanda,Charlena,Hope,Nita
Dorothy,Joeann,Edyth,Giustina,Lelah
Deedee,Nickie,Jackie,Calla,Brietta
Ronna,Letizia,Renae,Lusa,Vanessa
Hayley,Dari,Agathe,Linzy,Letizia
Amii,Sue,Karolina,Fanny,Florie
Lenna,Dede,Moyna,Susan,Laure
Fanny,Tamqrah,Basia,Atlanta,Hermione
Zondra,Pierette,Caryl,Dorene,Heida
Aurelie,Adelle,Angelique,Augustine,Phylis
Linet,Ruthe,Livvyy,Brietta,Carlie
Stacey,Genevra,Helena,Florencia,Romona
Jean,Caressa,Dawn,Shirlee,Karena
Aubrie,Britni,Jorry,Eve,Oralee
Dominga,Gloria,Cyndie,Roberta,Danny
Jemie,Bill,Roberta,Codie,Ezmeralda
Hildegaard,Rosaline,Jemie,Inga,Dorice
Lita,Donnie,Marguerite,Briney,Madalyn
Nikki,Jacenta,Brandise,Ashlee,Justinn
Tybie,Ana,Carlie,Ottilie,Kirbee
Louella,Pierette,Marinna,Olivette,Justinn
Anica,Livvyy,Chrystel,Chrystel,Suzette
Lacie,Emma,Atlanta,Renie,Sandie
Georgetta,Clary,Morganica,Marnia,Xylina
Rosanne,Georgina,Ekaterina,Konstance,Valera
Gusty,Hermione,Adore,Jerry,Sheree
Anthia,Kelly,Vere,Vere,Talya
Alia,Lenna,Rozele,Patricia,Lizzie
Lory,Eugine,Helsa,Sam,Esmeralda
Dione,Alameda,Bernardine,Dorothy,Hope
Ashlee,Amelia,Jsandye,Nickie,Marti
Siana,Kore,Cacilie,Madalyn,Beverley
Sophia,Pearline,Yolane,Anthia,Gloria
Liana,Zia,Drucie,Talya,Ruthe
Anestassia,Keelia,Vinita,Gui,Cassondra
Joceline,Nikki,Rosanne,Ermengarde,Mignon
Susette,Thalia,Gusella,Ethel,Shannah
Sidoney,Grier,Caressa,Sashenka,Amelia
Louella,Sibella,Desirae,Rosanne,Kirbee
Annaliese,Lolita,Melodie,Zaria,Atlanta
Hallie,Nyssa,Theodora,Georgina,Mireielle
Sophia,Carree,Inga,Mallory,Fawne
Karly,Frank,Gaylene,Christal,Elie
Cyb,Vivia,Shaylyn,Anthia,Jemie
Vinita,Bettine,Sidoney,Vere,Helsa
Kate,Cristine,Nita,Vevay,Frank
Melodie,Alia,Maurene,Frieda,Dennie
Amara,Estell,Emelina,Annabela,Rhoda
Vanessa,Michaelina,Leia,Shel,Keelia
Tobe,Tina,Robbi,Lulita,Julieta
Danika,Annecorinne,Kalina,Sara-Ann,Jere
Emma,Renae,Silvana,Penelopa,Shaylyn
Fred,Lusa,Kerrin,Joeann,Ronna
Christy,Silvana,Kayla,Tracey,Daune
Nanete,Jessamyn,Cassondra,Sophia,Madalyn
Gui,Collen,Brooks,Eolanda,Winny
Susette,Phylis,Keelia,Lesly,Chastity
Glynnis,Courtnay,Adele,Winifred,Bettine
Maye,Veda,Lenna,Zia,Madeleine
Beth,Dorthy,Miquela,Olivette,Hope
Maye,Nessie,Raquela,Berget,Tressa
Kerrin,Tina,Linet,Ofilia,Clementine
Edee,Shaine,Ninnetta,Pollyanna,Melina
Atlanta,Phedra,Dorothy,Taffy,Frieda
Rosabelle,Wendi,Albertina,Marline,Ayn
Brooks,Konstance,Orsola,Daphne,Isa
Monika,Rayna,Inga,Tani,Goldie
Jemie,Imojean,Dagmar,Carmencita,Jacenta
Esmeralda,Tersina,Tomasina,Teddie,Joy
Ruthe,Andeee,Lynnea,Selia,Celestyna
Beverley,Annaliese,Pamella,Daune,Kirstin
Addia,Blake,Barbi,Dacia,Heddie
Reeba,Sharlene,Sheelagh,Dawn,Sashenka
Halette,Harmonia,Aimil,Ronna,Emilia
Caryl,Jackie,Feliza,Arlina,Fanny
Judy,Jinny,Delilah,Yvonne,Mallory
Hannis,Peri,Dulcinea,Glenda,Claresta
Eolanda,Letizia,Madelle,Cecile,Gloria
Madelle,Vere,Janeczka,Lory,Kate
Cathie,Tiffie,Kerrin,Annora,Queenie
Aili,Modestia,Kimmy,Frances,Rayna
Corly,Cristabel,Siana,Annora,Candy
Amara,Talya,Annora,Dorothy,Lindie
Vevay,Jsandye,Morganica,Jsandye,Rosabelle
Rori,Leanna,Joelly,Suzette,Fina
Alejandra,Chrystel,Gaylene,Steffane,Odessa
Alejandra,Corry,Florencia,Janenna,Ezmeralda
Perry,Georgina,Kial,Sharai,Danika
Anestassia,Ursulina,Ida,Jordan,Tomasina
Dagmar,Sheelagh,Kellen,Penelopa,Verla
Patricia,Ethel,Shandie,Larine,Collen
Kore,Albertina,Deane,Lily,Dotty
Audrie,Collen,Sharlene,Bibby,Karena
Agathe,Phedra,Darlleen,Sabina,Lily
Renae,Daryl,Elbertina,Rhea,Rori
Talya,Clary,Camile,Kenna,Marinna
Gwyneth,Zaria,Hayley,Eolanda,Letizia
Adore,Correy,Jessy,Corene,Sheree
Desirae,Miquela,Elbertina,Kore,Tarra
Priscilla,Clo,Lenna,Rhea,Gusty
Jackie,Liana,Kirstin,Jsandye,Emylee
Carmencita,Joelly,Dorothy,Sissy,Janeczka
Noelle,Carmela,Rivalee,Maye,Kary
Jeanna,Etta,Alexine,Ana,Marcy
Marita,Lanae,Doralynne,Jenda,Babita
Nyssa,Berget,Livvyy,Rosanne,Teddie
Aryn,Norine,Dorene,Theodora,Nariko
Clary,Dede,Shirlee,Addia,Anestassia
Claudina,Arabel,Valera,Robinia,Lucille
Clarice,Meriel,Nickie,Jemie,Kara-Lynn
Tobe,Tonia,Lynea,Max,Rebeca
Karena,Jessamyn,Sophia,Valeda,Maud
Bobinette,Valeda,Carree,Gaylene,Alie
Valera,Louella,Cyndie,Therine,Emelina
Jennica,Janis,Madeleine,Ayn,Loree
Selia,Lindie,Teriann,Ingrid,Hyacinthe
Doralynne,Tracey,Molli,Bill,Mignon
Suzette,Paule,Kary,Angela,Annecorinne
Stevana,Carmencita,Oralee,Joelly,Di
Ann-Marie,Aigneis,Yvonne,Lanae,Jany
Blake,Sophia,Almeta,Andree,Emylee
Justinn,Chloris,Beverley,Florencia,Carolina
Aaren,Donetta,Georgetta,Karlee,Nonnah
Gwenneth,Talya,Babita,Emmey,Sheree
Adore,Annabela,Keelia,Ericka,Clementine
Clementine,Jessamyn,Aryn,Yetty,Elka
Ruthe,Alie,Nariko,Linzy,Marguerite
Dorothy,Jean,Viki,Halette,Lily
Allyce,Genevra,Luci,Phedra,Josephine
Lizzie,Mallory,Dolli,Tersina,Penelopa
Patricia,Lanna,Angelique,Lily,Cathyleen
Belva,Patricia,Dania,Dode,Riannon
Keelia,Kate,Justinn,Marti,Frances
Ellette,Valeda,Vonny,Merci,Sherrie
Netty,Anallese,Roberta,Beatriz,Florie
Jsandye,Damaris,Brianna,Ruthe,Doralynne
Hallie,Hermione,Gerrie,Althea,Shannah
Atlanta,Sabina,Dianemarie,Netty,Jaclyn
Lizzie,Lynnea,Jeanna,Frances,Angela
Leanna,Malina,Oona,Cyndie,Maurene
Debee,Sam,Beverley,Winny,Christal
Ekaterina,Josephine,Joy,Rubie,Mariele
Shaine,Kary,Tonia,Suzette,Kristina
Gertrud,Livvyy,Rani,Marika,Merrie
Lily,Berta,Mady,Mamie,Ursulina
Fernande,Aaren,Frieda,Gilda,Carilyn
Renae,Ursulina,Ann-Marie,Candy,Dorothy
Teddie,Paola,Alyda,Zondra,Chloris
Barbi,Carly,Sandie,Cristabel,Di
Christy,Sandie,Sharlene,Fanchon,Linzy
Lorne,Susan,Anallese,Allis,Carree
Lila,Dyann,Thalia,Nikki,Penelopa
Daryl,Morganica,Sam,Doralynne,Ira
Florie,Aigneis,Riannon,Susan,Shandie
Louella,Millie,Dacia,Kaja,Aimil
Harrietta,Etta,Belva,Madelle,Mireielle
Steffane,Gilligan,Amelia,Viki,Ursulina
Shaylyn,Lucille,Elfreda,Cyndie,Catrina
Ofilia,Queenie,Ofilia,Tonia,Mignon
Ketti,Christal,Lenna,Julieta,Odessa
Charmaine,Modestia,Orelia,Darci,Jinny
Karena,Quintina,Riannon,Krystle,Nicoli
Augustine,Albertina,Almeta,Renie,Lily
Leeanne,Raina,Tatiania,Kellen,Celestyna
Camile,Talya,Hayley,Minne,Dode
Jenilee,Zaria,Jessy,Modestia,Kayla
Selia,Melodie,Noelle,Tressa,Edyth
Oralee,Coral,Ilse,Jeanna,Ellette
Merci,Judy,Bettine,Agathe,Nataline
Amii,Kristina,Verla,Ursulina,Debee
Candi,Collen,Vita,Averyl,Lory
Inga,Dorene,Caressa,Debee,Leanna
Violet,Carolina,Joy,Liana,Myrtice
Mathilda,Claudina,Edith,Aimil,Frances
Cassandra,Joeann,Tonia,Arlena,Sarette
Averyl,Berget,Nicoli,Sabina,Eadie
Tabbatha,Talya,Brynna,Alejandra,Carol-Jean
Philis,Florie,Amelia,Mariann,Lorie
Bee,Joelly,Janenna,Elsie,Taffy
Nerta,Allyce,Dede,Oona,Tami
Jolyn,Adore,Rori,Gabi,Corene
Blondelle,Kalina,Hollie,Deedee,Doralynne
Ingrid,Brynna,Molli,Delilah,Lenna
Blinni,Tybie,Anica,Augustine,Deloria
Sean,Joane,Keelia,Winifred,Helsa
Elka,Edee,Linzy,Rosaline,Brana
Asia,Joleen,Almeta,Merci,Doralynne
Maud,Queenie,Gloria,Etta,Kaia
Fred,Elfreda,Tori,Yetty,Jsandye
Yvonne,Barbara,Blinni,Regina,Clary
Therine,Adriana,Halette,Hettie,Rosene
Sherrie,Farrah,Lorie,Jinny,Ericka
Joy,Meg,Dede,Gisela,Flory
Karina,Margette,Marjie,Cassondra,Mara
Susette,Katharina,Jasmina,Madelle,Louella
Minne,Helena,Danny,Zaria,Roz
Frances,Lolita,Therine,Roberta,Louella
Flo,Magdalena,Lanna,Nannie,Lisette
Ida,Cherrita,Marline,Evita,Minda
Lynnea,Adore,Kary,Hallie,Violet
Robinia,Constance,Tersina,Aigneis,Binny
Ruthe,Reeba,Frank,Donetta,Carmela
Bill,Dale,Doro,Janey,Romona
Concettina,Orelia,Nickie,Alejandra,Paule
Petronia,Aurelie,Fanchon,Averyl,Elfreda
Zsa Zsa,Daphne,Halette,Carmencita,Kerrin
Minne,Rosabelle,Cecile,Henriette,Ardeen
Claresta,Anestassia,Carree,Marnia,Barbi
Karlee,Karina,Edith,Nita,Randa
Aubrie,Vita,Kerrin,Karlee,Johna
Mara,Lolita,Phylis,Diena,Starla
Emelina,Janenna,Tami,Flo,Ethel
Malina,Catharine,Dania,Alyssa,Isa
Leia,Dulce,Delilah,Merci,Tabbatha
Albertina,Charissa,Trudie,Rozele,Jinny
Gale,Paule,Meg,Elvira,Sissy
Dorthy,Gwyneth,Mignon,Gavrielle,Aeriela
Coral,Gaylene,Mathilda,Briney,Harrietta
Aili,Olwen,Paola,Hildegaard,Nicoli
Misha,Margette,Zsa Zsa,Winifred,Fernande
Nanete,Cecile,Deedee,Lily,Mara
Madeleine,Roseline,Rosaline,Kathi,Rayna
Gerianna,Averyl,Kimberley,Riannon,Genevra
Willetta,Di,Diena,Catharine,Merrie
Vita,Cassandra,Aubrie,Candy,Ulrike
Kimberley,Marcelline,Harrietta,Molli,Suzette
Babita,Bobinette,Maisey,Helsa,Linet
Celisse,Angela,Beverley,Corina,Edith
Ericka,Marcelline,Xylina,Karly,Alameda
Harrietta,Marnia,Zaria,Ileana,Jan
Kathy,Elvira,Glynnis,Gerianna,Maisey
Viviene,Etta,Esmeralda,Korrie,Susan
Dode,Adriana,Netty,Britte,Siana
Dianemarie,Tomasina,Di,Elise,Gui
Carmela,Mamie,Vanessa,Aaren,Renae
Lusa,Aigneis,Rebeca,Tierney,Oona
Inga,Bibby,Kara-Lynn,Kerrin,Leanna
Leanna,Tera,Di,Anestassia,Sidoney
Audrie,Dorthy,Carree,Briney,Bee
Emylee,Lisette,Celene,Keelia,Elora
Candi,Nonnah,Gilligan,Carilyn,Fayre
Carilyn,Shauna,Aubrie,Althea,Carree
Edee,Oralee,Sophia,Cordi,Keelia
Queenie,Cathie,Dotty,Gloria,Corry
Viki,Elise,Zsa Zsa,Blake,Randa
Marcy,Merry,Neila,Krystle,Georgina
Candi,Marcy,Mildrid,Glynnis,Jackie
Estell,Arabel,Wilma,Ofilia,Aurelie
Mary,Alexine,Georgetta,Adelle,Nanete
Wilma,Roxane,Linet,Lizzie,Nelle
Tilly,Patricia,Carmencita,Maurene,Vinita
Nickie,Caressa,Corry,Evita,Blondelle
Lacie,Sibella,Modestia,Sindee,Codie
Maud,Genevra,Dari,Kathi,Ezmeralda
Cacilie,Brandise,Genevra,Ericka,Fina
Carree,Kaja,Danika,Demetris,Annaliese
Carly,Aaren,Frieda,Addia,Blondelle
Halette,Margette,Vonny,Antonietta,Catharine
Mildrid,Dominga,Sadie,Tera,Andree
Berta,Hope,Gui,Melodie,Nananne
Helsa,Cacilie,Chere,Nicoli,Riannon
Ada,Hannis,Dyann,Atlanta,Dianemarie
Nonnah,Mildrid,Sashenka,Lyssa,Ana
Karina,Giustina,Elyssa,Alyda,Tilly
Tierney,June,Kittie,Jillayne,Margalo
Ulrike,Brana,Carol-Jean,Tarra,Giustina
Mallory,Kalina,Desirae,Merle,Miquela
Briney,Jessy,Phylis,Johna,Jinny
Lanna,Fidelia,Orelia,Brooks,Coral
Alie,Konstance,Talya,Marnia,Codie
Dennie,Lenna,Mellicent,Charissa,Elmira
Hannis,Angelique,Beverley,Tobe,Diena
Arlena,Janeczka,Cyndie,Rhoda,Gerianna
Queenie,Magdalena,Dorthy,Rozele,Mellicent
Zsa Zsa,Lilith,Kalina,Lila,Robinia
Meghann,Rori,Donnie,Sonni,Kary
Nerta,Emmey,Oralee,Cristine,Tressa
Cherilyn,Tersina,Elvira,Verla,Leia
Marcelline,Brietta,Dorice,Fredericka,Lynea
Genovera,Dawn,Ariela,Vonny,Kore
Margarette,Binny,Elvira,Hayley,Berta
Brana,Juliane,Carmela,Jessy,Britni
Hannis,Ricky,Carilyn,Molli,Agathe
Melanie,Briney,Sonni,Hallie,Dotty
Annecorinne,Tatiania,Codie,Lilith,Melodie
Goldie,Selma,Amara,Joane,Gilda
Magdalena,Annabela,Gilligan,Daphne,Kenna
Anica,Magdalena,Fina,Alexine,Jaime
Eadie,Sidoney,Claresta,Pierette,Celestyna
Cacilie,Celene,Jacenta,Dolli,Carly
Evita,Gerianna,Emelina,Annaliese,Angelique
Bernie,Katleen,Corry,Sharlene,Annecorinne
Janis,Shaylyn,Zaria,Raquela,Mignon
Ruthe,Danny,Ericka,Aili,Daphne
Beverley,Mara,Hettie,Fina,Selma
Tatiania,Calla,Kate,Tina,Jessy
Mureil,Nerta,Verla,Frieda,Marline
Yvonne,Elsie,Fina,Wanda,Coral
Ira,Sidoney,Dorthy,Meriel,Joleen
Lorie,Tybie,Ardenia,Randa,Adore
Elfreda,Genovera,Johna,Allis,Lexine
Andeee,Hallie,Katharina,Corly,Karlee
Trudie,Regina,Evita,Chloris,Therine
Adore,Johna,Taffy,Annabela,Jany
Janeczka,Christal,Tiffie,Lusa,Kellen
Gabriellia,Tybie,Celisse,Imojean,Carly
Isa,Theodora,Christian,Lynde,Aryn
Paulita,Jerry,Harrietta,Minne,Peri
Hyacinthe,Brianna,Livvyy,Anallese,Sherrie
Gerrie,Kamilah,Angelique,Max,Loree
Nollie,Netty,Eadie,Aryn,Jaime
Tori,Kristan,Chickie,Aaren,Ana
Michaelina,Tracey,Joy,Maud,Merci
Kelly,Paule,Trixi,Gwyneth,Jacenta
Gloria,Ileana,Gabi,Aryn,Alyda
Eve,Merrie,Meriel,Marguerite,Gavrielle
Courtnay,Janenna,Zaria,Frieda,Heida
Marylou,Collen,Chloris,Sindee,Tilly
Kimmy,Jan,Neila,Nelle,Charlena
Annecorinne,Dulce,Kenna,Tamqrah,Neila
Aaren,Alisha,Moyna,Emelina,Pollyanna
Millie,Kassey,Nannie,Micheline,Gwenneth
Chickie,Liana,Arlena,Alejandra,Ardenia
Danny,Lynde,Felice,Belva,Silvana
Abbie,Carmela,Vanessa,Jacquetta,Elbertina
Cacilie,Gloria,Pierette,Glenda,Rubie
Lesly,Fina,Shell,Nickie,Shell
Felice,Dulcinea,Verla,Brianna,Krystle
Gerianna,Dede,Brietta,Lusa,Jany
Clementine,Roz,Kristina,Janey,Tami
Michaelina,Ashlee,Kerrin,Ardys,Nita
Tracey,Hallie,Cristine,Constance,Elmira
Sybille,Emmey,Emylee,Sophia,Mahalia
Tersina,Gabi,Janey,Marcy,Fidelia
Kerrin,Ebonee,Elka,Moyna,Loree
Nananne,Valera,Rozele,Jessamyn,Merle
Mureil,Nickie,Desirae,Sandie,Marsiella
Jemie,Kathi,Alex,Julieta,Annecorinne
Gui,Elie,Wanda,Kaja,Minne
Natka,Allis,Joane,Zaria,Marcy
Belva,Myriam,Cassandra,Chandra,Amara
Jessamyn,Kial,Paulita,Tarra,Ketti
Ashlee,Aubrie,Susette,Georgetta,Anthia
Selma,Claudina,Kara-Lynn,Sybille,Julieta
Nanete,Aubrie,Lucy,Fred,Adelle
Elbertina,Jerry,Fawne,Josephine,Tierney
Evaleen,Ricky,Demetris,Raf,Donetta
Dale,Josephine,Marylou,Anthia,Vinita
Andree,Florie,Sandie,Corina,Bee
Wileen,Rhoda,Vita,Orsola,Ardeen
Paola,Hayley,Mady,Renie,June
Justinn,Deedee,Kimberley,Ruthe,Dorice
Arlina,Sean,Valeda,Karina,Delilah
Bobbi,Fayre,Melanie,Mallory,Jackie
Gusella,Trixi,Britte,Kimberley,Christal
Ada,Kassey,Fina,Ursulina,Mariann
Renae,Lila,Brena,Linzy,Siana
Binny,Lory,Natka,Zondra,Catharine
Malina,Beatriz,Annora,Farrah,Starla
Angela,Codie,Dacia,Hermione,Ashlee
Sabina,Kore,Ardenia,Sheree,Albertina
Andree,Sidoney,Lizzie,Myriam,Olwen
Eolanda,Paola,Joelly,Dyann,Monika
Ethel,Darci,Dolli,Annecorinne,Hannis
Sidoney,Kalina,Sheelagh,Dulcinea,Alameda
Thalia,Lanae,Merle,Marika,Grier
Nannie,Lesly,Katleen,Amara,Kalina
Flo,Zaria,Dianemarie,Merrie,Phedra
Maye,Dulce,Arabel,Nollie,Rebeca
Jemie,Flo,Jasmina,Shauna,Adele
Maye,Wendi,Roslyn,Barbi,Augustine
Mureil,Penelopa,Willetta,Ardeen,Korrie
Jenda,Genovera,Wileen,Jemie,Lacie
Clo,Chastity,Etta,Mady,Janeczka
Carly,Silvana,Cecile,Thalia,Netty
Ayn,Arlina,Jenda,Almeta,Fina
Nyssa,Jerry,Livvyy,Elvira,Celene
Heddie,Viki,Ofilia,Jennica,Violet
Lily,Ofilia,Elbertina,Tierney,Leontine
Jean,Ingrid,Stephanie,Desirae,Esmeralda
Jackie,Mignon,Gilda,Sybille,Ginnie
Madalyn,Angela,Leontine,Elvira,Benita
Carree,Anthia,Ilse,Leia,Riannon
Stephanie,Alex,Ofilia,Tomasina,Rochette
Joleen,Ketti,Teriann,Maye,Darlleen
Sheree,Mariann,Layla,Althea,Dorene
Luci,Alameda,Andree,Sam,Marcelline
Moyna,Frances,Hyacinthe,Chastity,Randa
Viki,Bill,Pierette,Joeann,Norine
Lorne,Winifred,Marinna,Berta,Sadie
Dominga,Aimil,Yetty,Modestia,Janeczka
Sheree,Tersina,Iseabal,Coral,Tracey
Rosene,Alameda,Nanete,Glenda,Tierney
Beatriz,Molli,Adelle,Ardeen,Carolina
Renie,Mady,Charissa,Lonnie,Leanna
Kara-Lynn,Yolane,Libbie,Albertina,Susan
Dacia,Sissy,Claudina,Kathy,Tami
Amalie,Albertina,Carolina,Iseabal,Courtnay
Kore,Jorry,Elsie,Elie,Halette
Nonnah,Celestyna,Cyndie,Fawne,Sharai
Letizia,Brietta,Dawn,Katleen,Gilligan
Justinn,Merry,Lucy,Marika,Jobi
Nannie,Winny,Lila,Gavrielle,Madeleine
Zaria,Roslyn,Shaine,Bernardine,Modestia
Briney,Vere,Charlena,Corina,Valli
Agnese,Shirlee,Gloria,Siana,Eolanda
Julieta,Pearline,Ariela,Maud,Adriana
Elise,Rosabelle,Shandie,Kore,Charlena
Aurelie,Aaren,Glynnis,Cam,Nerta
Marinna,Ardenia,Damaris,Kylynn,Eugine
Elka,Lorenza,Nelle,Albertina,Pollyanna